{"cameraMode":{"drawMode":0,"name":"Shaded","section":"Shading Mode"},"sceneLighting":false,"audioPlay":false,"sceneViewState":{"showFog":true,"showMaterialUpdate":false,"showSkybox":false,"showFlares":true,"showImageEffects":true,"showParticleSystems":true,"showVisualEffectGraphs":true,"m_FxEnabled":true},"in2DMode":false,"pivot":{"x":706.0339965820313,"y":215.06365966796876,"z":-91.99868774414063},"rotation":{"x":0.3114774525165558,"y":-0.01853296533226967,"z":0.0060760267078876499,"w":0.9500526189804077},"size":206.62527465820313,"orthographic":false}