{"cameraMode":{"drawMode":0,"name":"Shaded","section":"Shading Mode"},"sceneLighting":false,"audioPlay":false,"sceneViewState":{"showFog":true,"showMaterialUpdate":false,"showSkybox":false,"showFlares":true,"showImageEffects":true,"showParticleSystems":true,"showVisualEffectGraphs":true,"m_FxEnabled":true},"in2DMode":false,"pivot":{"x":706.0339965820313,"y":215.06365966796876,"z":-91.99868774414063},"rotation":{"x":-0.001166889793239534,"y":-0.9763686060905457,"z":0.21609003841876985,"w":-0.005266435444355011},"size":1.6002745628356934,"orthographic":false}