{"cameraMode":{"drawMode":0,"name":"Shaded","section":"Shading Mode"},"sceneLighting":true,"audioPlay":false,"sceneViewState":{"showFog":true,"showMaterialUpdate":false,"showSkybox":true,"showFlares":true,"showImageEffects":true,"showParticleSystems":true,"showVisualEffectGraphs":true,"m_FxEnabled":true},"in2DMode":false,"pivot":{"x":590.8367309570313,"y":237.34243774414063,"z":1130.8177490234375},"rotation":{"x":-0.12593239545822144,"y":0.02619897946715355,"z":-0.003354244399815798,"w":-0.9917117953300476},"size":1065.6773681640625,"orthographic":false}