{"cameraMode":{"drawMode":0,"name":"Shaded","section":"Shading Mode"},"sceneLighting":false,"audioPlay":false,"sceneViewState":{"showFog":true,"showMaterialUpdate":false,"showSkybox":false,"showFlares":true,"showImageEffects":true,"showParticleSystems":true,"showVisualEffectGraphs":true,"m_FxEnabled":true},"in2DMode":false,"pivot":{"x":706.0339965820313,"y":215.06365966796876,"z":-91.96136474609375},"rotation":{"x":0.03625747933983803,"y":-0.04945194721221924,"z":0.001796353841200471,"w":0.9981158971786499},"size":1.2404515743255616,"orthographic":false}