{"cameraMode":{"drawMode":0,"name":"Shaded","section":"Shading Mode"},"sceneLighting":false,"audioPlay":false,"sceneViewState":{"showFog":true,"showMaterialUpdate":false,"showSkybox":false,"showFlares":true,"showImageEffects":true,"showParticleSystems":true,"showVisualEffectGraphs":true,"m_FxEnabled":true},"in2DMode":false,"pivot":{"x":-26.969139099121095,"y":1.8813155889511109,"z":106.26274871826172},"rotation":{"x":-0.12748615443706513,"y":0.14695300161838532,"z":-0.019441010430455209,"w":-0.9807834029197693},"size":2.050013542175293,"orthographic":false}