{"cameraMode":{"drawMode":0,"name":"Shaded","section":"Shading Mode"},"sceneLighting":false,"audioPlay":false,"sceneViewState":{"showFog":true,"showMaterialUpdate":false,"showSkybox":false,"showFlares":true,"showImageEffects":true,"showParticleSystems":true,"showVisualEffectGraphs":true,"m_FxEnabled":true},"in2DMode":false,"pivot":{"x":0.03483390808105469,"y":0.687760591506958,"z":-0.22873163223266602},"rotation":{"x":0.0003085272619500756,"y":0.0464792400598526,"z":-0.00002531371319491882,"w":0.998927116394043},"size":14.868159294128418,"orthographic":false}