{"cameraMode":{"drawMode":0,"name":"Shaded","section":"Shading Mode"},"sceneLighting":true,"audioPlay":false,"sceneViewState":{"showFog":true,"showMaterialUpdate":false,"showSkybox":true,"showFlares":true,"showImageEffects":true,"showParticleSystems":true,"showVisualEffectGraphs":true,"m_FxEnabled":true},"in2DMode":false,"pivot":{"x":788.7752685546875,"y":289.6827697753906,"z":-37.71757888793945},"rotation":{"x":-0.015307966619729996,"y":-0.009901948273181916,"z":0.0001516870252089575,"w":-0.9998383522033691},"size":497.5459289550781,"orthographic":false}