{"cameraMode":{"drawMode":0,"name":"Shaded","section":"Shading Mode"},"sceneLighting":true,"audioPlay":false,"sceneViewState":{"showFog":true,"showMaterialUpdate":false,"showSkybox":true,"showFlares":true,"showImageEffects":true,"showParticleSystems":true,"showVisualEffectGraphs":true,"m_FxEnabled":true},"in2DMode":false,"pivot":{"x":149.66116333007813,"y":-13.75198745727539,"z":144.14476013183595},"rotation":{"x":0.050429925322532657,"y":0.1472095549106598,"z":-0.007458529435098171,"w":0.9878532290458679},"size":70.36180114746094,"orthographic":false}