{"cameraMode":{"drawMode":0,"name":"Shaded","section":"Shading Mode"},"sceneLighting":true,"audioPlay":false,"sceneViewState":{"showFog":true,"showMaterialUpdate":false,"showSkybox":true,"showFlares":true,"showImageEffects":true,"showParticleSystems":true,"showVisualEffectGraphs":true,"m_FxEnabled":true},"in2DMode":false,"pivot":{"x":797.0066528320313,"y":402.6850891113281,"z":-48.16345977783203},"rotation":{"x":0.005999314598739147,"y":-0.014703046530485154,"z":-0.0000883554239408113,"w":-0.9998743534088135},"size":482.3208923339844,"orthographic":false}